dataset,frame,cx,cy,tile,overlap_px
Joshua Tree - Juniper and Monolith,IMG_5997,4072,842,B8,506.5
Joshua Tree - Juniper and Monolith,IMG_6002,1985,2948,F4,160.3
Joshua Tree - Juniper and Monolith,IMG_6010,4423,1368,C9,1516.7
Joshua Tree - Juniper and Monolith,IMG_6011,1817,3051,F4,365.2
Joshua Tree - Juniper and Monolith,IMG_6017,3311,3030,F7,96.5
Joshua Tree - Juniper and Monolith,IMG_6019,1957,1879,D4,1807.7
Joshua Tree - Juniper and Monolith,IMG_6037,5342,342,A11,1615.2
Joshua Tree - Juniper and Monolith,IMG_6043,1734,3027,F4,622.9
Joshua Tree - Juniper and Monolith,IMG_6043,3749,565,B8,6742.0
Joshua Tree - Juniper and Monolith,IMG_6048,2005,1858,D4,1616.9
Joshua Tree - Juniper and Monolith,IMG_6049,2160,1877,D5,626.7
Joshua Tree - Juniper and Monolith,IMG_6053,965,2665,F2,1846.2
Joshua Tree - Juniper and Monolith,IMG_6054,865,2667,F2,791.8
Joshua Tree - Juniper and Monolith,IMG_6091,3264,2284,E7,1231.0
Joshua Tree - Juniper and Monolith,IMG_6091,3351,2167,E7,1098.4
Joshua Tree - Juniper and Monolith,IMG_6098,673,2485,E2,754.7
Joshua Tree - Juniper and Monolith,IMG_6100,1565,1388,C4,1333.4
Joshua Tree - Juniper and Monolith,IMG_6106,3782,1271,C8,1458.2
Joshua Tree - Juniper and Monolith,IMG_6110,1043,2943,F3,89.9
Joshua Tree - Juniper and Monolith,IMG_6118,4496,604,B9,3.1
Joshua Tree - Juniper and Monolith,IMG_6121,2121,280,A5,366.5
Joshua Tree - Juniper and Monolith,IMG_6135,1454,1320,C3,465.6
Joshua Tree - Juniper and Monolith,IMG_6151,232,2313,E1,1484.0
Joshua Tree - Juniper and Monolith,IMG_6153,1175,2142,E3,602.5
Joshua Tree - Juniper and Monolith,IMG_6162,1077,2887,F3,141.0
Joshua Tree - Juniper and Monolith,IMG_6176,354,2658,F1,476.4
Joshua Tree - Juniper and Monolith,IMG_6183,1878,2924,F4,710.2
Joshua Tree - Juniper and Monolith,IMG_6199,3410,3017,F7,56.7
Joshua Tree - Juniper and Monolith,IMG_6221,3141,2906,F7,494.4
Joshua Tree - Juniper and Monolith,IMG_6222,3004,2902,F6,3.7
Joshua Tree - Juniper and Monolith,IMG_6225,2383,2952,F5,24.9
Joshua Tree - Juniper and Monolith,IMG_6232,1101,3008,F3,71.8
Joshua Tree - Juniper and Monolith,IMG_6235,1585,3021,F4,1006.0
Joshua Tree - Juniper and Monolith,IMG_6276,1251,2933,F3,11.3
Joshua Tree - Juniper and Monolith,IMG_6333,2674,3019,F6,8.8
Joshua Tree - Juniper and Monolith,IMG_6341,708,1513,C2,39.6
Joshua Tree - Juniper and Monolith,IMG_6376,3538,3050,F7,340.8
Joshua Tree - Juniper and Monolith,IMG_6383,2015,2993,F4,359.4
Tree and Trails,_DSC1548,1465,2551,E3,327.2
Tree and Trails,_DSC1550,1420,2538,E3,279.5
Tree and Trails,_DSC1551,1403,2530,E3,254.4
Tree and Trails,_DSC1552,1388,2522,E3,241.8
Tree and Trails,_DSC1553,1372,2513,E3,184.0
Tree and Trails,_DSC1554,1363,2505,E3,142.0
Tree and Trails,_DSC1555,1357,2495,E3,186.6
Tree and Trails,_DSC1556,1349,2483,E3,170.3
Tree and Trails,_DSC1557,1342,2472,E3,202.1
Tree and Trails,_DSC1558,1333,2459,E3,194.5
Tree and Trails,_DSC1559,1325,2448,E3,227.3
Tree and Trails,_DSC1561,1306,2419,E3,193.1
Tree and Trails,_DSC1563,1284,2388,E3,297.2
Tree and Trails,_DSC1568,1212,2279,E3,362.1
Bruce Herwig - Borrego - Gomphothere,1M3A3804,2535,728,B5,210.3
Bruce Herwig - Borrego - Gomphothere,1M3A3805,3825,2067,E8,170.6
Bruce Herwig - Borrego - Gomphothere,1M3A3805,3248,710,B7,584.3
Bruce Herwig - Borrego - Gomphothere,1M3A3809,3869,1987,D8,183.2
Bruce Herwig - Borrego - Gomphothere,1M3A3813,3751,2131,E8,221.5
Bruce Herwig - Borrego - Gomphothere,1M3A3817,3879,2030,D8,356.4
Bruce Herwig - Borrego - Gomphothere,1M3A3824,3395,648,B7,400.3
Bruce Herwig - Borrego - Gomphothere,1M3A3832,4747,1153,C10,327.9
Bruce Herwig - Borrego - Gomphothere,1M3A3834,2593,532,B6,864.8
Bruce Herwig - Borrego - Gomphothere,1M3A3834,2546,692,B5,761.9
Bruce Herwig - Borrego - Gomphothere,1M3A3835,2361,651,B5,286.8
Bruce Herwig - Borrego - Gomphothere,1M3A3836,2000,959,B4,597.1
Bruce Herwig - Borrego - Gomphothere,1M3A3837,2738,2035,D6,310.2
Bruce Herwig - Borrego - Gomphothere,1M3A3845,2353,1951,D5,1300.2
Bruce Herwig - Borrego - Gomphothere,1M3A3856,3875,1990,D8,34.6
Bruce Herwig - Borrego - Gomphothere,1M3A3862,2528,540,B5,64.5
Bruce Herwig - Borrego - Gomphothere,1M3A3864,3827,2068,E8,241.1
Bruce Herwig - Borrego - Gomphothere,1M3A3870,2132,1550,D5,351.2
Bruce Herwig - Borrego - Gomphothere,1M3A3874,3819,2077,E8,239.1
Bruce Herwig - Borrego - Gomphothere,1M3A3886,3768,2128,E8,129.2
Bruce Herwig - Borrego - Gomphothere,1M3A3928,3822,2047,D8,259.6
Bruce Herwig - Borrego - Gomphothere,1M3A3932,3758,2081,E8,263.9
Silvana Della Camera - Lighthouse - v3 inference,_DZ98856,2438,2567,F5,92.4
Silvana Della Camera - Lighthouse - v3 inference,_DZ98858,2333,2562,F5,79.0
Silvana Della Camera - Lighthouse - v3 inference,_DZ98972,331,1811,D1,230.3
Silvana Della Camera - Lighthouse - v3 inference,_DZ99155,2661,1565,D6,565.8
Silvana Della Camera - Lighthouse - v3 inference,_DZ99336,2516,2017,D5,4.4
Greg Meyer Arizona Brightened - v8 slope-match,143A8734,3442,1809,D7,894.6
Greg Meyer Arizona Brightened - v8 slope-match,143A8736,238,1420,C1,10566.3
Greg Meyer Arizona Brightened - v8 slope-match,143A8737,2964,2899,F6,159.7
Greg Meyer Arizona Brightened - v8 slope-match,143A8739,4307,1484,C9,884.4
Greg Meyer Arizona Brightened - v8 slope-match,143A8740,3353,3293,G7,715.3
Greg Meyer Arizona Brightened - v8 slope-match,143A8742,3952,1876,D8,1138.0
Greg Meyer Arizona Brightened - v8 slope-match,143A8745,1540,2537,E4,57.0
Greg Meyer Arizona Brightened - v8 slope-match,143A8757,3559,1927,D7,668.5
Greg Meyer Arizona Brightened - v8 slope-match,143A8761,4544,448,A9,1415.5
Greg Meyer Arizona Brightened - v8 slope-match,143A8770,2275,2023,D5,3.3
Greg Meyer Arizona Brightened - v8 slope-match,143A8772,3018,3346,G6,90.8
Greg Meyer Arizona Brightened - v8 slope-match,143A8780,1093,2920,F3,492.3
Greg Meyer Arizona Brightened - v8 slope-match,143A8790,527,3364,G2,103.6
Greg Meyer Arizona Brightened - v8 slope-match,143A8796,2766,2056,E6,1367.2
Greg Meyer Arizona Brightened - v8 slope-match,143A8799,2995,614,B6,2215.8
Greg Meyer Arizona Brightened - v8 slope-match,143A8800,1877,3281,G4,88.2
Greg Meyer Arizona Brightened - v8 slope-match,143A8817,2904,3354,G6,703.6
Greg Meyer Arizona Brightened - v8 slope-match,143A8819,2437,828,B5,1833.3
Greg Meyer Arizona Brightened - v8 slope-match,143A8819,2247,836,B5,2004.5
Greg Meyer Arizona Brightened - v8 slope-match,143A8831,4828,2906,F10,2926.8
Greg Meyer Arizona Brightened - v8 slope-match,143A8833,1511,2776,F3,2414.7
Greg Meyer Arizona Brightened - v8 slope-match,143A8834,1157,2768,F3,1256.1
Greg Meyer Arizona Brightened - v8 slope-match,143A8880,1548,3308,G4,151.2
Greg Meyer Arizona Brightened - v8 slope-match,143A8902,2506,2686,F5,547.5
Greg Meyer Arizona Brightened - v8 slope-match,143A8905,2285,3288,G5,636.3
Greg Meyer Arizona Brightened - v8 slope-match,143A8915,1898,3395,G4,570.1
Greg Meyer Arizona Brightened - v8 slope-match,143A8916,1881,3396,G4,124.4
Greg Meyer Arizona Brightened - v8 slope-match,143A8921,2984,3367,G6,11.9
Greg Meyer Arizona Brightened - v8 slope-match,143A8922,3272,3323,G7,116.3
Greg Meyer Arizona Brightened - v8 slope-match,143A8971,3820,2754,F8,208.3
Greg Meyer Arizona Brightened - v8 slope-match,143A9005,4487,1946,D9,27915.1
Greg Meyer Arizona Brightened - v8 slope-match,143A9057,2872,3257,G6,682.0
Greg Meyer Arizona Brightened - v8 slope-match,143A9059,3054,3267,G6,159.5
Greg Meyer Arizona Brightened - v8 slope-match,143A9119,453,3028,F1,1461.6
Greg Meyer Arizona Brightened - v8 slope-match,143A9141,1537,3166,G4,52.0
Greg Meyer Arizona Brightened - v8 slope-match,143A9147,105,3259,G1,2088.0
Greg Meyer Arizona Brightened - v8 slope-match,143A9279,3534,2630,F7,66.0
Greg Meyer Arizona Brightened - v8 slope-match,143A9552,2678,1338,C6,1154.0
Greg Meyer Arizona Brightened - v8 slope-match,143A9565,4769,2176,E10,6.4
Greg Meyer Arizona Brightened - v8 slope-match,143A9566,5362,2284,E11,1.4
Greg Meyer Arizona Brightened - v8 slope-match,143A9597,4642,2145,E10,618.0
Greg Meyer Arizona Brightened - v8 slope-match,143A9602,5958,2565,F12,225.2
Greg Meyer Arizona Brightened - v8 slope-match,143A9651,5745,2399,E12,93.9
Greg Meyer Arizona Brightened - v8 slope-match,143A9656,236,1029,C1,2123.0
Greg Meyer Arizona Brightened - v8 slope-match,143A9664,144,768,B1,22.1
Greg Meyer Arizona Brightened - v8 slope-match,143A9671,543,138,A2,6.1
Greg Meyer Arizona Brightened - v8 slope-match,143A9672,1221,2187,E3,1991.0
Greg Meyer Arizona Brightened - v8 slope-match,143A9673,2103,2116,E5,790.2
Greg Meyer Arizona Brightened - v8 slope-match,143A9681,734,126,A2,382.6
Greg Meyer Arizona Brightened - v8 slope-match,143A9683,2037,575,B4,239.5
Greg Meyer Arizona Brightened - v8 slope-match,143A9686,1048,2634,F3,248.4
Greg Meyer Arizona Brightened - v8 slope-match,143A9687,1983,1992,D4,4.3
"gkyle_startrails (4,649 tiles)",137-0,279,274,A1,337.5
"gkyle_startrails (4,649 tiles)",137-1,380,232,A1,337.5
"gkyle_startrails (4,649 tiles)",205-0,444,254,A1,150.8
"gkyle_startrails (4,649 tiles)",205-0,425,338,A1,101.4
"gkyle_startrails (4,649 tiles)",205-1,223,388,A1,138.1
"gkyle_startrails (4,649 tiles)",205-1,243,303,A1,215.8
"gkyle_startrails (4,649 tiles)",205-2,3,309,A1,54.1
"gkyle_startrails (4,649 tiles)",207-1,249,188,A1,344.0
"gkyle_startrails (4,649 tiles)",207-2,310,199,A1,344.0
"gkyle_startrails (4,649 tiles)",222-0,160,244,A1,118.7
"gkyle_startrails (4,649 tiles)",222-1,160,324,A1,118.7
"gkyle_startrails (4,649 tiles)",222-2,160,248,A1,118.7
"gkyle_startrails (4,649 tiles)",222-3,160,246,A1,118.7
"gkyle_startrails (4,649 tiles)",258-10,1,155,A1,61.3
"gkyle_startrails (4,649 tiles)",258-10,60,195,A1,717.3
"gkyle_startrails (4,649 tiles)",258-10,11,207,A1,108.9
"gkyle_startrails (4,649 tiles)",258-10,36,217,A1,401.1
"gkyle_startrails (4,649 tiles)",258-10,106,230,A1,349.7
"gkyle_startrails (4,649 tiles)",258-10,175,241,A1,440.1
"gkyle_startrails (4,649 tiles)",258-10,239,254,A1,471.3
"gkyle_startrails (4,649 tiles)",258-10,296,262,A1,23.2
"gkyle_startrails (4,649 tiles)",258-10,283,264,A1,271.3
"gkyle_startrails (4,649 tiles)",258-10,309,242,A1,269.3
"gkyle_startrails (4,649 tiles)",258-10,373,258,A1,632.8
"gkyle_startrails (4,649 tiles)",258-10,336,272,A1,185.6
"gkyle_startrails (4,649 tiles)",258-10,397,285,A1,49.0
"gkyle_startrails (4,649 tiles)",258-11,38,157,A1,425.8
"gkyle_startrails (4,649 tiles)",258-11,112,200,A1,717.1
"gkyle_startrails (4,649 tiles)",258-11,38,208,A1,378.9
"gkyle_startrails (4,649 tiles)",258-11,87,222,A1,422.1
"gkyle_startrails (4,649 tiles)",258-11,159,235,A1,354.7
"gkyle_startrails (4,649 tiles)",258-11,227,247,A1,440.1
"gkyle_startrails (4,649 tiles)",258-11,292,260,A1,471.3
"gkyle_startrails (4,649 tiles)",258-11,349,267,A1,23.1
"gkyle_startrails (4,649 tiles)",258-11,336,269,A1,271.2
"gkyle_startrails (4,649 tiles)",258-11,362,248,A1,269.2
"gkyle_startrails (4,649 tiles)",258-11,428,263,A1,428.6
"gkyle_startrails (4,649 tiles)",258-11,389,277,A1,185.5
"gkyle_startrails (4,649 tiles)",258-11,450,290,A1,51.8
"gkyle_startrails (4,649 tiles)",258-12,422,265,A1,276.1
"gkyle_startrails (4,649 tiles)",258-12,481,279,A1,437.7
"gkyle_startrails (4,649 tiles)",258-12,449,294,A1,185.7
"gkyle_startrails (4,649 tiles)",258-12,505,306,A1,28.9
"gkyle_startrails (4,649 tiles)",258-12,409,284,A1,23.1
"gkyle_startrails (4,649 tiles)",258-12,396,286,A1,271.2
"gkyle_startrails (4,649 tiles)",258-12,16,158,A1,303.7
"gkyle_startrails (4,649 tiles)",258-12,98,174,A1,425.8
"gkyle_startrails (4,649 tiles)",258-12,172,218,A1,717.1
"gkyle_startrails (4,649 tiles)",258-12,16,211,A1,217.1
"gkyle_startrails (4,649 tiles)",258-12,87,224,A1,526.6
"gkyle_startrails (4,649 tiles)",258-12,121,233,A1,3.7
"gkyle_startrails (4,649 tiles)",258-12,147,240,A1,421.7
"gkyle_startrails (4,649 tiles)",258-12,218,252,A1,354.5
"gkyle_startrails (4,649 tiles)",258-12,287,264,A1,440.1
"gkyle_startrails (4,649 tiles)",258-12,352,277,A1,471.3
"gkyle_startrails (4,649 tiles)",258-13,249,225,A1,717.1
"gkyle_startrails (4,649 tiles)",258-13,175,182,A1,425.4
"gkyle_startrails (4,649 tiles)",258-13,65,160,A1,781.6
"gkyle_startrails (4,649 tiles)",258-13,24,207,A1,255.7
"gkyle_startrails (4,649 tiles)",258-13,83,217,A1,355.9
"gkyle_startrails (4,649 tiles)",258-13,497,296,A1,58.0
"gkyle_startrails (4,649 tiles)",258-13,473,294,A1,261.8
"gkyle_startrails (4,649 tiles)",258-13,486,292,A1,23.6
"gkyle_startrails (4,649 tiles)",258-13,493,271,A1,175.5
"gkyle_startrails (4,649 tiles)",258-13,429,284,A1,471.3
"gkyle_startrails (4,649 tiles)",258-13,364,271,A1,440.1
"gkyle_startrails (4,649 tiles)",258-13,296,260,A1,354.5
"gkyle_startrails (4,649 tiles)",258-13,224,247,A1,421.6
"gkyle_startrails (4,649 tiles)",258-13,199,240,A1,8.8
"gkyle_startrails (4,649 tiles)",258-13,164,232,A1,545.5
"gkyle_startrails (4,649 tiles)",258-14,38,190,A1,207.0
"gkyle_startrails (4,649 tiles)",258-14,241,199,A1,425.5
"gkyle_startrails (4,649 tiles)",258-14,132,177,A1,781.8
"gkyle_startrails (4,649 tiles)",258-14,490,300,A1,378.4
"gkyle_startrails (4,649 tiles)",258-14,431,288,A1,439.6
"gkyle_startrails (4,649 tiles)",258-14,362,277,A1,354.5
"gkyle_startrails (4,649 tiles)",258-14,290,264,A1,421.6
"gkyle_startrails (4,649 tiles)",258-14,265,257,A1,9.0
"gkyle_startrails (4,649 tiles)",258-14,231,249,A1,545.6
"gkyle_startrails (4,649 tiles)",258-14,149,234,A1,363.8
"gkyle_startrails (4,649 tiles)",258-14,64,220,A1,587.9
"gkyle_startrails (4,649 tiles)",258-14,2,211,A1,37.4
"gkyle_startrails (4,649 tiles)",258-14,316,242,A1,717.5
"gkyle_startrails (4,649 tiles)",258-15,119,236,A1,612.9
"gkyle_startrails (4,649 tiles)",258-15,30,222,A1,371.3
"gkyle_startrails (4,649 tiles)",258-15,482,303,A1,354.9
"gkyle_startrails (4,649 tiles)",258-15,418,292,A1,275.0
"gkyle_startrails (4,649 tiles)",258-15,345,280,A1,421.6
"gkyle_startrails (4,649 tiles)",258-15,320,273,A1,9.0
"gkyle_startrails (4,649 tiles)",258-15,286,264,A1,545.6
"gkyle_startrails (4,649 tiles)",258-15,205,250,A1,363.8
"gkyle_startrails (4,649 tiles)",258-15,371,258,A1,717.5
"gkyle_startrails (4,649 tiles)",258-15,93,206,A1,213.7
"gkyle_startrails (4,649 tiles)",258-15,297,214,A1,425.5
"gkyle_startrails (4,649 tiles)",258-15,187,193,A1,781.9
"gkyle_startrails (4,649 tiles)",258-16,199,218,A1,226.4
"gkyle_startrails (4,649 tiles)",258-16,293,204,A1,781.9
"gkyle_startrails (4,649 tiles)",258-16,402,226,A1,423.8
"gkyle_startrails (4,649 tiles)",258-16,502,300,A1,86.0
"gkyle_startrails (4,649 tiles)",258-16,451,291,A1,421.5
"gkyle_startrails (4,649 tiles)",258-16,426,284,A1,9.0
"gkyle_startrails (4,649 tiles)",258-16,392,276,A1,545.9
"gkyle_startrails (4,649 tiles)",258-16,310,261,A1,364.2
"gkyle_startrails (4,649 tiles)",258-16,225,247,A1,612.8
"gkyle_startrails (4,649 tiles)",258-16,136,234,A1,372.0
"gkyle_startrails (4,649 tiles)",258-16,17,216,A1,154.9
"gkyle_startrails (4,649 tiles)",258-16,465,267,A1,441.7
"gkyle_startrails (4,649 tiles)",258-17,346,219,A1,781.9
"gkyle_startrails (4,649 tiles)",258-17,489,304,A1,253.0
"gkyle_startrails (4,649 tiles)",258-17,479,299,A1,9.0
"gkyle_startrails (4,649 tiles)",258-17,445,291,A1,543.7
"gkyle_startrails (4,649 tiles)",258-17,363,276,A1,363.8
"gkyle_startrails (4,649 tiles)",258-17,278,262,A1,612.8
"gkyle_startrails (4,649 tiles)",258-17,189,249,A1,393.7
"gkyle_startrails (4,649 tiles)",258-17,61,229,A1,402.5
"gkyle_startrails (4,649 tiles)",258-17,492,277,A1,169.9
"gkyle_startrails (4,649 tiles)",258-17,252,233,A1,232.7
"gkyle_startrails (4,649 tiles)",258-17,455,241,A1,423.9
"gkyle_startrails (4,649 tiles)",258-18,189,261,A1,393.2
"gkyle_startrails (4,649 tiles)",258-18,61,242,A1,402.5
"gkyle_startrails (4,649 tiles)",258-18,278,275,A1,612.5
"gkyle_startrails (4,649 tiles)",258-18,252,246,A1,232.5
"gkyle_startrails (4,649 tiles)",258-18,346,232,A1,781.7
"gkyle_startrails (4,649 tiles)",258-18,455,254,A1,423.9
"gkyle_startrails (4,649 tiles)",258-18,363,289,A1,363.7
"gkyle_startrails (4,649 tiles)",258-18,445,304,A1,543.6
"gkyle_startrails (4,649 tiles)",258-18,479,312,A1,8.7
"gkyle_startrails (4,649 tiles)",258-18,492,290,A1,170.1
"gkyle_startrails (4,649 tiles)",258-18,489,316,A1,252.6
"gkyle_startrails (4,649 tiles)",258-19,492,309,A1,170.1
"gkyle_startrails (4,649 tiles)",258-19,346,251,A1,781.9
"gkyle_startrails (4,649 tiles)",258-19,455,273,A1,423.9
"gkyle_startrails (4,649 tiles)",258-19,252,265,A1,232.5
"gkyle_startrails (4,649 tiles)",258-19,61,261,A1,402.5
"gkyle_startrails (4,649 tiles)",258-19,189,281,A1,393.2
"gkyle_startrails (4,649 tiles)",258-19,278,294,A1,612.5
"gkyle_startrails (4,649 tiles)",258-19,363,308,A1,363.7
"gkyle_startrails (4,649 tiles)",258-19,445,323,A1,543.6
"gkyle_startrails (4,649 tiles)",258-19,479,331,A1,8.7
"gkyle_startrails (4,649 tiles)",258-19,489,336,A1,252.6
"gkyle_startrails (4,649 tiles)",258-2,29,182,A1,540.3
"gkyle_startrails (4,649 tiles)",258-2,16,201,A1,74.2
"gkyle_startrails (4,649 tiles)",258-2,48,208,A1,51.3
"gkyle_startrails (4,649 tiles)",258-2,227,251,A1,358.0
"gkyle_startrails (4,649 tiles)",258-20,39,181,A1,699.2
"gkyle_startrails (4,649 tiles)",258-20,144,202,A1,425.8
"gkyle_startrails (4,649 tiles)",258-20,218,245,A1,717.0
"gkyle_startrails (4,649 tiles)",258-20,9,229,A1,96.7
"gkyle_startrails (4,649 tiles)",258-20,52,237,A1,355.9
"gkyle_startrails (4,649 tiles)",258-20,134,252,A1,545.6
"gkyle_startrails (4,649 tiles)",258-20,168,260,A1,8.8
"gkyle_startrails (4,649 tiles)",258-20,193,267,A1,421.6
"gkyle_startrails (4,649 tiles)",258-20,265,280,A1,354.5
"gkyle_startrails (4,649 tiles)",258-20,333,291,A1,440.2
"gkyle_startrails (4,649 tiles)",258-20,398,304,A1,471.4
"gkyle_startrails (4,649 tiles)",258-20,455,312,A1,24.8
"gkyle_startrails (4,649 tiles)",258-20,442,314,A1,267.0
"gkyle_startrails (4,649 tiles)",258-20,468,292,A1,276.1
"gkyle_startrails (4,649 tiles)",258-20,505,301,A1,92.8
"gkyle_startrails (4,649 tiles)",258-20,480,319,A1,133.6
"gkyle_startrails (4,649 tiles)",258-21,268,262,A1,717.5
"gkyle_startrails (4,649 tiles)",258-21,85,198,A1,781.8
"gkyle_startrails (4,649 tiles)",258-21,194,219,A1,425.5
"gkyle_startrails (4,649 tiles)",258-21,0,212,A1,17.8
"gkyle_startrails (4,649 tiles)",258-21,33,243,A1,372.2
"gkyle_startrails (4,649 tiles)",258-21,102,254,A1,355.4
"gkyle_startrails (4,649 tiles)",258-21,184,269,A1,545.6
"gkyle_startrails (4,649 tiles)",258-21,218,278,A1,9.0
"gkyle_startrails (4,649 tiles)",258-21,243,284,A1,421.6
"gkyle_startrails (4,649 tiles)",258-21,315,297,A1,354.5
"gkyle_startrails (4,649 tiles)",258-21,383,309,A1,439.6
"gkyle_startrails (4,649 tiles)",258-21,448,322,A1,471.4
"gkyle_startrails (4,649 tiles)",258-21,505,329,A1,22.0
"gkyle_startrails (4,649 tiles)",258-21,492,331,A1,255.7
"gkyle_startrails (4,649 tiles)",258-21,503,306,A1,88.5
"gkyle_startrails (4,649 tiles)",258-21,507,331,A1,18.1
"gkyle_startrails (4,649 tiles)",258-22,381,248,A1,425.6
"gkyle_startrails (4,649 tiles)",258-22,177,241,A1,223.6
"gkyle_startrails (4,649 tiles)",258-22,271,227,A1,781.9
"gkyle_startrails (4,649 tiles)",258-22,454,292,A1,558.1
"gkyle_startrails (4,649 tiles)",258-22,7,240,A1,53.9
"gkyle_startrails (4,649 tiles)",258-22,115,257,A1,372.0
"gkyle_startrails (4,649 tiles)",258-22,204,270,A1,612.5
"gkyle_startrails (4,649 tiles)",258-22,289,284,A1,363.8
"gkyle_startrails (4,649 tiles)",258-22,370,298,A1,545.6
"gkyle_startrails (4,649 tiles)",258-22,405,307,A1,8.7
"gkyle_startrails (4,649 tiles)",258-22,430,314,A1,421.6
"gkyle_startrails (4,649 tiles)",258-22,491,324,A1,189.1
"gkyle_startrails (4,649 tiles)",258-23,455,284,A1,423.9
"gkyle_startrails (4,649 tiles)",258-23,346,263,A1,781.7
"gkyle_startrails (4,649 tiles)",258-23,252,277,A1,232.5
"gkyle_startrails (4,649 tiles)",258-23,492,321,A1,170.1
"gkyle_startrails (4,649 tiles)",258-23,61,273,A1,402.1
"gkyle_startrails (4,649 tiles)",258-23,189,292,A1,393.2
"gkyle_startrails (4,649 tiles)",258-23,278,306,A1,613.2
"gkyle_startrails (4,649 tiles)",258-23,363,320,A1,363.8
"gkyle_startrails (4,649 tiles)",258-23,445,334,A1,543.6
"gkyle_startrails (4,649 tiles)",258-23,479,343,A1,8.7
"gkyle_startrails (4,649 tiles)",258-23,489,347,A1,252.6
"gkyle_startrails (4,649 tiles)",258-24,22,210,A1,425.6
"gkyle_startrails (4,649 tiles)",258-24,96,254,A1,717.6
"gkyle_startrails (4,649 tiles)",258-24,29,263,A1,291.4
"gkyle_startrails (4,649 tiles)",258-24,71,276,A1,421.7
"gkyle_startrails (4,649 tiles)",258-24,142,289,A1,354.5
"gkyle_startrails (4,649 tiles)",258-24,211,300,A1,440.1
"gkyle_startrails (4,649 tiles)",258-24,276,313,A1,471.9
"gkyle_startrails (4,649 tiles)",258-24,333,321,A1,23.1
"gkyle_startrails (4,649 tiles)",258-24,320,322,A1,271.6
"gkyle_startrails (4,649 tiles)",258-24,346,301,A1,269.3
"gkyle_startrails (4,649 tiles)",258-24,411,316,A1,429.1
"gkyle_startrails (4,649 tiles)",258-24,373,331,A1,186.0
"gkyle_startrails (4,649 tiles)",258-24,434,344,A1,51.9
"gkyle_startrails (4,649 tiles)",258-25,448,349,A1,471.3
"gkyle_startrails (4,649 tiles)",258-25,505,357,A1,22.1
"gkyle_startrails (4,649 tiles)",258-25,492,359,A1,255.4
"gkyle_startrails (4,649 tiles)",258-25,84,225,A1,782.0
"gkyle_startrails (4,649 tiles)",258-25,194,246,A1,425.8
"gkyle_startrails (4,649 tiles)",258-25,0,239,A1,13.9
"gkyle_startrails (4,649 tiles)",258-25,268,290,A1,717.1
"gkyle_startrails (4,649 tiles)",258-25,33,270,A1,370.9
"gkyle_startrails (4,649 tiles)",258-25,102,282,A1,355.9
"gkyle_startrails (4,649 tiles)",258-25,183,296,A1,545.5
"gkyle_startrails (4,649 tiles)",258-25,218,305,A1,8.8
"gkyle_startrails (4,649 tiles)",258-25,243,312,A1,421.7
"gkyle_startrails (4,649 tiles)",258-25,314,325,A1,354.6
"gkyle_startrails (4,649 tiles)",258-25,383,336,A1,440.1
"gkyle_startrails (4,649 tiles)",258-25,503,334,A1,89.8
"gkyle_startrails (4,649 tiles)",258-25,507,359,A1,18.7
"gkyle_startrails (4,649 tiles)",258-26,120,260,A1,216.8
"gkyle_startrails (4,649 tiles)",258-26,398,311,A1,700.0
"gkyle_startrails (4,649 tiles)",258-26,58,276,A1,372.0
"gkyle_startrails (4,649 tiles)",258-26,324,267,A1,425.4
"gkyle_startrails (4,649 tiles)",258-26,147,289,A1,612.8
"gkyle_startrails (4,649 tiles)",258-26,214,246,A1,781.9
"gkyle_startrails (4,649 tiles)",258-26,232,303,A1,363.7
"gkyle_startrails (4,649 tiles)",258-26,313,317,A1,545.5
"gkyle_startrails (4,649 tiles)",258-26,348,326,A1,9.0
"gkyle_startrails (4,649 tiles)",258-26,373,333,A1,421.6
"gkyle_startrails (4,649 tiles)",258-26,445,345,A1,275.1
"gkyle_startrails (4,649 tiles)",258-26,496,354,A1,194.1
"gkyle_startrails (4,649 tiles)",258-27,470,329,A1,386.4
"gkyle_startrails (4,649 tiles)",258-27,303,267,A1,781.7
"gkyle_startrails (4,649 tiles)",258-27,413,288,A1,423.8
"gkyle_startrails (4,649 tiles)",258-27,209,281,A1,227.4
"gkyle_startrails (4,649 tiles)",258-27,22,278,A1,214.4
"gkyle_startrails (4,649 tiles)",258-27,146,297,A1,372.0
"gkyle_startrails (4,649 tiles)",258-27,235,310,A1,612.5
"gkyle_startrails (4,649 tiles)",258-27,321,324,A1,363.7
"gkyle_startrails (4,649 tiles)",258-27,402,338,A1,545.6
"gkyle_startrails (4,649 tiles)",258-27,436,347,A1,8.8
"gkyle_startrails (4,649 tiles)",258-27,462,354,A1,421.7
"gkyle_startrails (4,649 tiles)",258-27,507,362,A1,38.8
"gkyle_startrails (4,649 tiles)",258-28,455,330,A1,424.1
"gkyle_startrails (4,649 tiles)",258-28,346,309,A1,782.0
"gkyle_startrails (4,649 tiles)",258-28,252,322,A1,232.5
"gkyle_startrails (4,649 tiles)",258-28,492,367,A1,169.9
"gkyle_startrails (4,649 tiles)",258-28,61,319,A1,402.6
"gkyle_startrails (4,649 tiles)",258-28,189,338,A1,393.2
"gkyle_startrails (4,649 tiles)",258-28,278,351,A1,612.5
"gkyle_startrails (4,649 tiles)",258-28,363,365,A1,363.8
"gkyle_startrails (4,649 tiles)",258-28,445,380,A1,544.0
"gkyle_startrails (4,649 tiles)",258-28,479,388,A1,9.0
"gkyle_startrails (4,649 tiles)",258-28,489,393,A1,253.0
"gkyle_startrails (4,649 tiles)",258-3,8,194,A1,23.4
"gkyle_startrails (4,649 tiles)",258-3,4,197,A1,65.1
"gkyle_startrails (4,649 tiles)",258-3,22,175,A1,256.4
"gkyle_startrails (4,649 tiles)",258-3,84,191,A1,633.1
"gkyle_startrails (4,649 tiles)",258-3,48,204,A1,185.8
"gkyle_startrails (4,649 tiles)",258-3,109,217,A1,49.3
"gkyle_startrails (4,649 tiles)",258-3,288,261,A1,357.6
"gkyle_startrails (4,649 tiles)",258-4,101,221,A1,271.3
"gkyle_startrails (4,649 tiles)",258-4,154,229,A1,185.6
"gkyle_startrails (4,649 tiles)",258-4,13,203,A1,152.6
"gkyle_startrails (4,649 tiles)",258-4,57,212,A1,396.8
"gkyle_startrails (4,649 tiles)",258-4,114,219,A1,23.2
"gkyle_startrails (4,649 tiles)",258-4,127,200,A1,269.3
"gkyle_startrails (4,649 tiles)",258-4,191,216,A1,632.8
"gkyle_startrails (4,649 tiles)",258-4,215,242,A1,49.0
"gkyle_startrails (4,649 tiles)",258-4,394,286,A1,357.8
"gkyle_startrails (4,649 tiles)",258-5,26,183,A1,304.0
"gkyle_startrails (4,649 tiles)",258-5,2,205,A1,29.1
"gkyle_startrails (4,649 tiles)",258-5,37,211,A1,349.7
"gkyle_startrails (4,649 tiles)",258-5,106,223,A1,440.1
"gkyle_startrails (4,649 tiles)",258-5,171,236,A1,471.3
"gkyle_startrails (4,649 tiles)",258-5,228,243,A1,23.2
"gkyle_startrails (4,649 tiles)",258-5,215,245,A1,271.2
"gkyle_startrails (4,649 tiles)",258-5,241,224,A1,269.3
"gkyle_startrails (4,649 tiles)",258-5,305,240,A1,632.9
"gkyle_startrails (4,649 tiles)",258-5,268,253,A1,186.0
"gkyle_startrails (4,649 tiles)",258-5,329,266,A1,49.3
"gkyle_startrails (4,649 tiles)",258-5,503,309,A1,237.1
"gkyle_startrails (4,649 tiles)",258-6,212,229,A1,269.3
"gkyle_startrails (4,649 tiles)",258-6,12,191,A1,140.2
"gkyle_startrails (4,649 tiles)",258-6,19,218,A1,229.9
"gkyle_startrails (4,649 tiles)",258-6,78,227,A1,439.6
"gkyle_startrails (4,649 tiles)",258-6,142,241,A1,471.4
"gkyle_startrails (4,649 tiles)",258-6,199,248,A1,23.2
"gkyle_startrails (4,649 tiles)",258-6,186,250,A1,271.5
"gkyle_startrails (4,649 tiles)",258-6,276,245,A1,632.9
"gkyle_startrails (4,649 tiles)",258-6,239,258,A1,186.5
"gkyle_startrails (4,649 tiles)",258-6,300,271,A1,49.0
"gkyle_startrails (4,649 tiles)",258-6,479,315,A1,358.0
"gkyle_startrails (4,649 tiles)",258-7,24,237,A1,295.9
"gkyle_startrails (4,649 tiles)",258-7,81,249,A1,396.6
"gkyle_startrails (4,649 tiles)",258-7,138,256,A1,23.2
"gkyle_startrails (4,649 tiles)",258-7,124,257,A1,271.2
"gkyle_startrails (4,649 tiles)",258-7,151,236,A1,269.3
"gkyle_startrails (4,649 tiles)",258-7,214,252,A1,632.9
"gkyle_startrails (4,649 tiles)",258-7,178,266,A1,186.0
"gkyle_startrails (4,649 tiles)",258-7,239,279,A1,49.3
"gkyle_startrails (4,649 tiles)",258-7,418,322,A1,358.0
"gkyle_startrails (4,649 tiles)",258-8,15,206,A1,175.7
"gkyle_startrails (4,649 tiles)",258-8,23,233,A1,266.3
"gkyle_startrails (4,649 tiles)",258-8,84,243,A1,439.5
"gkyle_startrails (4,649 tiles)",258-8,149,256,A1,471.4
"gkyle_startrails (4,649 tiles)",258-8,206,264,A1,23.2
"gkyle_startrails (4,649 tiles)",258-8,192,266,A1,271.6
"gkyle_startrails (4,649 tiles)",258-8,218,244,A1,269.3
"gkyle_startrails (4,649 tiles)",258-8,282,260,A1,633.1
"gkyle_startrails (4,649 tiles)",258-8,246,274,A1,186.5
"gkyle_startrails (4,649 tiles)",258-8,307,287,A1,49.0
"gkyle_startrails (4,649 tiles)",258-8,486,331,A1,357.9
"gkyle_startrails (4,649 tiles)",258-9,267,288,A1,271.3
"gkyle_startrails (4,649 tiles)",258-9,320,296,A1,185.6
"gkyle_startrails (4,649 tiles)",258-9,51,221,A1,629.4
"gkyle_startrails (4,649 tiles)",258-9,3,233,A1,33.8
"gkyle_startrails (4,649 tiles)",258-9,28,244,A1,312.2
"gkyle_startrails (4,649 tiles)",258-9,90,255,A1,349.9
"gkyle_startrails (4,649 tiles)",258-9,158,266,A1,439.6
"gkyle_startrails (4,649 tiles)",258-9,223,279,A1,471.3
"gkyle_startrails (4,649 tiles)",258-9,280,286,A1,23.2
"gkyle_startrails (4,649 tiles)",258-9,293,267,A1,269.2
"gkyle_startrails (4,649 tiles)",258-9,357,283,A1,632.7
"gkyle_startrails (4,649 tiles)",258-9,381,310,A1,49.1
"gkyle_startrails (4,649 tiles)",262-0,118,154,A1,320.2
"gkyle_startrails (4,649 tiles)",262-1,257,237,A1,320.2
"gkyle_startrails (4,649 tiles)",262-2,221,233,A1,320.0
"gkyle_startrails (4,649 tiles)",262-3,293,281,A1,320.3
"gkyle_startrails (4,649 tiles)",262-4,416,369,A1,319.9
"gkyle_startrails (4,649 tiles)",262-4,90,170,A1,171.6
"gkyle_startrails (4,649 tiles)",262-4,4,114,A1,151.4
"gkyle_startrails (4,649 tiles)",262-5,510,399,A1,34.1
"gkyle_startrails (4,649 tiles)",262-5,96,145,A1,529.4
"gkyle_startrails (4,649 tiles)",262-5,200,211,A1,171.6
"gkyle_startrails (4,649 tiles)",262-6,211,145,A1,529.4
"gkyle_startrails (4,649 tiles)",262-6,314,211,A1,171.5
"gkyle_startrails (4,649 tiles)",262-7,283,145,A1,529.4
"gkyle_startrails (4,649 tiles)",262-7,386,211,A1,171.5
"gkyle_startrails (4,649 tiles)",31-3,358,317,A1,77.2
"gkyle_startrails (4,649 tiles)",31-5,370,212,A1,77.4
"gkyle_startrails (4,649 tiles)",42-0,274,275,A1,2921.4
"gkyle_startrails (4,649 tiles)",42-1,271,317,A1,2753.4
"gkyle_startrails (4,649 tiles)",52-1,200,240,A1,221.3
"gkyle_startrails (4,649 tiles)",52-2,240,143,A1,229.5
"gkyle_startrails (4,649 tiles)",streaks-DSC02484-0-0-0,343,340,A1,257.9
"gkyle_startrails (4,649 tiles)",streaks-DSC02484-0-0-0,263,191,A1,612.4
"gkyle_startrails (4,649 tiles)",streaks-DSC02484-0-0-0,322,266,A1,357.0
"gkyle_startrails (4,649 tiles)",streaks-DSC02490-0-0-0,344,213,A1,115.4
"gkyle_startrails (4,649 tiles)",streaks-DSC02490-0-0-0,218,298,A1,282.9
"gkyle_startrails (4,649 tiles)",streaks-DSC02736-0-0-0,368,198,A1,385.7
"gkyle_startrails (4,649 tiles)",streaks-DSC02736-0-0-0,202,297,A1,294.7
"gkyle_startrails (4,649 tiles)",streaks-DSC02780-0-0-0,254,271,A1,107.1
"gkyle_startrails (4,649 tiles)",streaks-DSC02780-0-0-0,287,254,A1,102.0
"gkyle_startrails (4,649 tiles)",streaks-DSC02800-0-0-1,124,84,A1,764.2
"gkyle_startrails (4,649 tiles)",streaks-DSC02800-0-0-1,24,168,A1,14.4
"gkyle_startrails (4,649 tiles)",streaks-DSC03042-0-0-0,298,244,A1,388.7
"gkyle_startrails (4,649 tiles)",streaks-DSC03042-0-0-0,260,276,A1,169.5
"gkyle_startrails (4,649 tiles)",streaks-DSC03263-0-3-1,375,131,A1,4306.1
"gkyle_startrails (4,649 tiles)",streaks-DSC03263-0-4-1,336,272,A1,2075.9
"gkyle_startrails (4,649 tiles)",streaks-DSC03263-0-5-1,117,366,A1,1093.3
"gkyle_startrails (4,649 tiles)",streaks-DSC03263-0-7-2,403,362,A1,1163.8
"gkyle_startrails (4,649 tiles)",streaks-DSC03352-0-0-1,123,49,A1,491.8
"gkyle_startrails (4,649 tiles)",streaks-DSC03352-0-0-1,34,47,A1,181.5
"gkyle_startrails (4,649 tiles)",streaks-DSC03352-0-1-0,90,321,A1,195.6
"gkyle_startrails (4,649 tiles)",streaks-DSC04190-0-0-0,303,182,A1,1539.8
"gkyle_startrails (4,649 tiles)",streaks-DSC04191-0-0-0,398,389,A1,1582.8
"gkyle_startrails (4,649 tiles)",streaks-DSC04191-0-0-0,334,378,A1,1120.4
"gkyle_startrails (4,649 tiles)",streaks-DSC04191-0-1-1,414,434,A1,490.4
"gkyle_startrails (4,649 tiles)",streaks-DSC04191-0-1-1,228,280,A1,2841.5
"gkyle_startrails (4,649 tiles)",streaks-DSC04191-0-1-2,476,19,A1,71.5
"gkyle_startrails (4,649 tiles)",streaks-DSC04191-0-2-2,192,265,A1,774.6
"gkyle_startrails (4,649 tiles)",streaks-DSC04191-0-2-2,181,211,A1,1979.1
"gkyle_startrails (4,649 tiles)",streaks-DSC04503-0-0-0,69,256,A1,21.5
"gkyle_startrails (4,649 tiles)",streaks-DSC04545-0-0-0,253,239,A1,292.2
"gkyle_startrails (4,649 tiles)",streaks-DSC04546-0-1-0,12,70,A1,40.7
"gkyle_startrails (4,649 tiles)",streaks-DSC04548-0-0-0,272,186,A1,5402.6
"gkyle_startrails (4,649 tiles)",streaks-DSC04548-0-0-0,251,215,A1,2725.4
"gkyle_startrails (4,649 tiles)",streaks-DSC04548-0-1-0,284,363,A1,6667.5
"gkyle_startrails (4,649 tiles)",streaks-DSC04548-0-1-0,286,399,A1,5731.7
"gkyle_startrails (4,649 tiles)",streaks-DSC04548-0-2-0,8,472,A1,19.6
"gkyle_startrails (4,649 tiles)",streaks-DSC04597-0-0-0,234,402,A1,819.9
"gkyle_startrails (4,649 tiles)",streaks-DSC04597-0-0-0,119,143,A1,371.0
"gkyle_startrails (4,649 tiles)",streaks-DSC04758-1-0-0,256,256,A1,877.1
"gkyle_startrails (4,649 tiles)",streaks-DSC04758-2-0-0,479,247,A1,734.8
"gkyle_startrails (4,649 tiles)",streaks-DSC04807-1-0-0,175,264,A1,45.8
"gkyle_startrails (4,649 tiles)",streaks-DSC04826-0-0-0,311,252,A1,185.6
"gkyle_startrails (4,649 tiles)",streaks-DSC04827-2-0-0,165,267,A1,671.8
"gkyle_startrails (4,649 tiles)",streaks-DSC04827-3-0-0,260,254,A1,671.8
"gkyle_startrails (4,649 tiles)",streaks-DSC04828-2-0-0,283,256,A1,941.1
"gkyle_startrails (4,649 tiles)",streaks-DSC04863-2-0-0,282,247,A1,24.3
"gkyle_startrails (4,649 tiles)",streaks-DSC04869-0-0-0,180,250,A1,232.3
"gkyle_startrails (4,649 tiles)",streaks-DSC04869-1-0-0,226,261,A1,232.3
"gkyle_startrails (4,649 tiles)",streaks-DSC04870-4-0-0,59,353,A1,1991.7
"gkyle_startrails (4,649 tiles)",streaks-DSC04877-1-0-0,349,200,A1,1508.9
"gkyle_startrails (4,649 tiles)",streaks-DSC04883-1-0-0,235,261,A1,260.8
"gkyle_startrails (4,649 tiles)",streaks-DSC04883-2-0-0,240,253,A1,260.8
"gkyle_startrails (4,649 tiles)",streaks-DSC04894-1-0-0,224,263,A1,208.4
"gkyle_startrails (4,649 tiles)",streaks-DSC04894-2-0-0,236,249,A1,208.4
"gkyle_startrails (4,649 tiles)",streaks-DSC05056-0-0-0,229,257,A1,217.4
"gkyle_startrails (4,649 tiles)",streaks-DSC05071-0-0-0,226,256,A1,174.4
"gkyle_startrails (4,649 tiles)",streaks-DSC05071-1-0-0,261,253,A1,174.4
"gkyle_startrails (4,649 tiles)",streaks-DSC05108-4-0-0,320,253,A1,274.1
"gkyle_startrails (4,649 tiles)",streaks-DSC05108-5-0-0,205,255,A1,274.1
"gkyle_startrails (4,649 tiles)",streaks-DSC05109-1-0-0,211,258,A1,916.5
"gkyle_startrails (4,649 tiles)",streaks-DSC05133-0-1-0,250,375,A1,49756.8
"gkyle_startrails (4,649 tiles)",streaks-DSC05136-1-0-0,282,248,A1,15.4
"gkyle_startrails (4,649 tiles)",streaks-DSC05136-2-0-0,282,262,A1,15.4
"gkyle_startrails (4,649 tiles)",streaks-DSC05173-0-0-0,448,123,A1,315.0
"gkyle_startrails (4,649 tiles)",streaks-DSC05173-1-0-0,275,234,A1,314.9
"gkyle_startrails (4,649 tiles)",streaks-DSC05173-2-0-0,236,256,A1,314.9
"gkyle_startrails (4,649 tiles)",streaks-DSC05173-3-0-0,324,262,A1,314.9
"gkyle_startrails (4,649 tiles)",streaks-DSC05190-0-0-0,218,263,A1,293.2
"gkyle_startrails (4,649 tiles)",streaks-DSC05196-0-0-0,257,253,A1,194.8
"gkyle_startrails (4,649 tiles)",streaks-DSC05196-1-0-0,245,258,A1,194.8
"gkyle_startrails (4,649 tiles)",streaks-DSC05201-3-0-0,232,249,A1,190.7
"gkyle_startrails (4,649 tiles)",streaks-DSC05201-4-0-0,206,267,A1,190.7
"gkyle_startrails (4,649 tiles)",streaks-DSC05219-0-0-0,273,259,A1,465.7
"gkyle_startrails (4,649 tiles)",streaks-DSC05219-1-0-0,232,251,A1,465.7
"gkyle_startrails (4,649 tiles)",streaks-DSC05228-0-0-0,284,259,A1,67.8
"gkyle_startrails (4,649 tiles)",streaks-DSC05228-1-0-0,248,252,A1,67.8
"gkyle_startrails (4,649 tiles)",streaks-DSC05263-1-0-0,320,248,A1,205.8
"gkyle_startrails (4,649 tiles)",streaks-DSC05263-2-0-0,186,260,A1,205.8
"gkyle_startrails (4,649 tiles)",streaks-DSC05301-4-0-0,285,257,A1,219.6
"gkyle_startrails (4,649 tiles)",streaks-DSC05348-0-0-0,319,244,A1,96.9
"gkyle_startrails (4,649 tiles)",streaks-DSC05351-0-0-0,270,259,A1,609.3
"gkyle_startrails (4,649 tiles)",streaks-DSC05351-0-0-0,259,224,A1,278.1
"gkyle_startrails (4,649 tiles)",streaks-DSC05446-1-0-0,264,259,A1,256.8
"gkyle_startrails (4,649 tiles)",streaks-DSC05473-1-0-0,266,256,A1,52.9
"gkyle_startrails (4,649 tiles)",streaks-DSC05547-0-0-0,263,255,A1,53.5
"gkyle_startrails (4,649 tiles)",streaks-DSC05629-0-0-0,257,265,A1,83.6
"gkyle_startrails (4,649 tiles)",streaks-DSC05640-0-0-0,271,254,A1,131.1
"gkyle_startrails (4,649 tiles)",streaks-DSC07013-0-0-0,254,254,A1,292.9
Bruce Herwig - Pioneertown Fisheye,1M3A2321,3393,2587,F7,13.3
Bruce Herwig - Pioneertown Fisheye,1M3A2322,4520,2290,E9,411.9
Bruce Herwig - Pioneertown Fisheye,1M3A2337,4488,2458,E9,14.5
Bruce Herwig - Pioneertown Fisheye,1M3A2339,4548,762,B9,5008.6
Bruce Herwig - Pioneertown Fisheye,1M3A2343,3752,2644,F8,78.7
Bruce Herwig - Pioneertown Fisheye,1M3A2381,3746,2638,F8,93.8
Bruce Herwig - Pioneertown Fisheye,1M3A2383,3666,2621,F8,24.1
Bruce Herwig - Pioneertown Fisheye,1M3A2387,2987,2454,E6,1186.6
Bruce Herwig - Pioneertown Fisheye,1M3A2388,2548,2307,E5,2259.7
Bruce Herwig - Pioneertown Fisheye,1M3A2389,3011,2474,E6,387.4
Bruce Herwig - Pioneertown Fisheye,1M3A2389,1927,2034,D4,616.3
Bruce Herwig - Pioneertown Fisheye,1M3A2390,2637,2336,E6,11.4
Bruce Herwig - Pioneertown Fisheye,1M3A2390,1555,1779,D4,47.7
Bruce Herwig - Pioneertown Fisheye,1M3A2391,2035,2092,E4,411.1
Bruce Herwig - Pioneertown Fisheye,1M3A2392,1628,1846,D4,83.9
Bruce Herwig - Pioneertown Fisheye,1M3A2397,2972,2439,E6,26.6
Bruce Herwig - Pioneertown Fisheye,1M3A2415,3029,2458,E6,217.2
Thomas Jackson - Borrego,IMG_1978,2456,5152,K5,1736.0
Thomas Jackson - Borrego,IMG_1980,3632,5097,J8,168.6
Thomas Jackson - Borrego,IMG_1982,1133,5195,K3,26.4
Thomas Jackson - Borrego,IMG_1987,3711,5275,K8,103.9
Thomas Jackson - Borrego,IMG_1995,101,5381,K1,460.6
Thomas Jackson - Borrego,IMG_2032,3512,5149,K7,255.0
Thomas Jackson - Borrego,IMG_2038,895,5323,K2,209.4
Thomas Jackson - Borrego,IMG_2039,681,5333,K2,1189.7
Thomas Jackson - Borrego,IMG_2040,362,5344,K1,907.5
Silvana Della Camera - Boardwalk,_DSZ9681,1836,1711,D4,275.6
Sean Parker - Arizona Star Trails,071A7544,5154,1413,C11,154.2
Sean Parker - Arizona Star Trails,071A7548,181,2435,E1,782.2
Sean Parker - Arizona Star Trails,071A7557,5355,1488,C11,637.2
Sean Parker - Arizona Star Trails,071A7574,3653,417,A8,235.8
Sean Parker - Arizona Star Trails,071A7615,1966,1708,D4,1679.1
Sean Parker - Arizona Star Trails,071A7710,1353,830,B3,1971.8
Sean Parker - Arizona Star Trails,071A7711,1019,471,A2,203.4
Sean Parker - Arizona Star Trails,071A7711,673,215,A2,220.0
Cheryl Hanscom Wilcox - Alabama Hills,001,2391,3709,H5,5201.0
Cheryl Hanscom Wilcox - Alabama Hills,002,2030,4037,H4,1288.1
Cheryl Hanscom Wilcox - Alabama Hills,002,1270,2841,F3,2029.8
Cheryl Hanscom Wilcox - Alabama Hills,003,1697,3424,G4,1386.4
Cheryl Hanscom Wilcox - Alabama Hills,003,1620,3414,G4,3792.2
Cheryl Hanscom Wilcox - Alabama Hills,003,1731,3378,G4,1924.7
Cheryl Hanscom Wilcox - Alabama Hills,004,2582,3666,H6,1012.7
Cheryl Hanscom Wilcox - Alabama Hills,004,2080,2963,F5,335.4
Cheryl Hanscom Wilcox - Alabama Hills,005,1793,4016,H4,2787.6
Cheryl Hanscom Wilcox - Alabama Hills,006,2307,3533,G5,601.7
Cheryl Hanscom Wilcox - Alabama Hills,007,1973,4027,H4,9.4
Cheryl Hanscom Wilcox - Alabama Hills,008,1898,3613,H4,1798.6
Cheryl Hanscom Wilcox - Alabama Hills,011,1569,3831,H4,2811.5
Cheryl Hanscom Wilcox - Alabama Hills,011,2031,3726,H4,2661.4
Cheryl Hanscom Wilcox - Alabama Hills,015,1739,3013,F4,1211.7
Cheryl Hanscom Wilcox - Alabama Hills,015,1524,3079,G3,100.2
Cheryl Hanscom Wilcox - Alabama Hills,015,1427,3218,G3,626.9
Cheryl Hanscom Wilcox - Alabama Hills,016,1706,2805,F4,899.5
Cheryl Hanscom Wilcox - Alabama Hills,017,1831,2591,F4,1396.8
Cheryl Hanscom Wilcox - Alabama Hills,018,2350,3068,F5,5260.6
Cheryl Hanscom Wilcox - Alabama Hills,021,1719,3750,H4,7183.7
Cheryl Hanscom Wilcox - Alabama Hills,022,1958,3703,H4,2281.2
Cheryl Hanscom Wilcox - Alabama Hills,027,1150,2920,F3,1636.2
Cheryl Hanscom Wilcox - Alabama Hills,028,1982,3065,F4,2610.6
Cheryl Hanscom Wilcox - Alabama Hills,034,2356,3704,H5,84.4
Cheryl Hanscom Wilcox - Alabama Hills,036,1727,2712,F4,1299.7
Cheryl Hanscom Wilcox - Alabama Hills,038,2509,4029,H5,464.9
Cheryl Hanscom Wilcox - Alabama Hills,038,1548,3095,G4,1861.4
Cheryl Hanscom Wilcox - Alabama Hills,038,2006,2918,F4,1216.8
Cheryl Hanscom Wilcox - Alabama Hills,041,2044,4038,H4,1748.0
Cheryl Hanscom Wilcox - Alabama Hills,042,2481,4266,I5,285.5
Cheryl Hanscom Wilcox - Alabama Hills,044,2410,3148,G5,916.0
Cheryl Hanscom Wilcox - Alabama Hills,044,2409,3150,G5,911.6
Cheryl Hanscom Wilcox - Alabama Hills,044,2403,3150,G5,1678.8
Cheryl Hanscom Wilcox - Alabama Hills,047,2346,3567,G5,879.7
Cheryl Hanscom Wilcox - Alabama Hills,047,2203,3853,H5,3231.0
Cheryl Hanscom Wilcox - Alabama Hills,049,2184,2704,F5,903.4
Cheryl Hanscom Wilcox - Alabama Hills,051,2593,3030,F6,1673.9
Cheryl Hanscom Wilcox - Alabama Hills,054,2241,4052,H5,1118.8
Cheryl Hanscom Wilcox - Alabama Hills,054,2758,3322,G6,2380.1
Cheryl Hanscom Wilcox - Alabama Hills,055,2352,3618,H5,2034.7
Cheryl Hanscom Wilcox - Alabama Hills,057,2425,3778,H5,1876.2
Cheryl Hanscom Wilcox - Alabama Hills,058,2955,3704,H6,2238.6
Cheryl Hanscom Wilcox - Alabama Hills,059,2600,4022,H6,138.3
Cheryl Hanscom Wilcox - Alabama Hills,061,2125,3056,F5,1469.3
Cheryl Hanscom Wilcox - Alabama Hills,061,2156,3046,F5,2176.2
Cheryl Hanscom Wilcox - Alabama Hills,061,1924,3123,G4,1229.2
Cheryl Hanscom Wilcox - Alabama Hills,061,2094,3034,F5,2846.3
Cheryl Hanscom Wilcox - Alabama Hills,061,1833,2992,F4,137.6
Cheryl Hanscom Wilcox - Alabama Hills,062,2832,3586,H6,1505.8
Cheryl Hanscom Wilcox - Alabama Hills,062,2555,3370,G5,2309.4
Cheryl Hanscom Wilcox - Alabama Hills,063,2611,3374,G6,121.7
Cheryl Hanscom Wilcox - Alabama Hills,064,2671,3999,H6,2536.3
Cheryl Hanscom Wilcox - Alabama Hills,065,3644,3039,F8,1669.8
Cheryl Hanscom Wilcox - Alabama Hills,068,2629,3707,H6,2501.3
Cheryl Hanscom Wilcox - Alabama Hills,069,2721,3485,G6,1326.8
Cheryl Hanscom Wilcox - Alabama Hills,072,2973,4030,H6,319.6
Cheryl Hanscom Wilcox - Alabama Hills,075,3013,3982,H6,1537.4
Cheryl Hanscom Wilcox - Alabama Hills,075,2766,4005,H6,60.0
Cheryl Hanscom Wilcox - Alabama Hills,075,3226,3025,F7,2153.0
Cheryl Hanscom Wilcox - Alabama Hills,075,3059,4035,H6,18.2
Cheryl Hanscom Wilcox - Alabama Hills,078,2357,3718,H5,1294.0
Cheryl Hanscom Wilcox - Alabama Hills,079,2890,3782,H6,1148.0
Cheryl Hanscom Wilcox - Alabama Hills,080,2999,4037,H6,127.1
Cheryl Hanscom Wilcox - Alabama Hills,080,2814,4039,H6,376.3
Cheryl Hanscom Wilcox - Alabama Hills,081,2832,3610,H6,2397.4
Cheryl Hanscom Wilcox - Alabama Hills,081,3360,3508,G7,65.9
Cheryl Hanscom Wilcox - Alabama Hills,082,1984,2863,F4,1116.9
Cheryl Hanscom Wilcox - Alabama Hills,082,3193,3971,H7,11.4
Cheryl Hanscom Wilcox - Alabama Hills,085,2988,3101,G6,1578.2
Cheryl Hanscom Wilcox - Alabama Hills,085,2845,3134,G6,745.1
Cheryl Hanscom Wilcox - Alabama Hills,085,2739,3038,F6,1714.7
Cheryl Hanscom Wilcox - Alabama Hills,085,2738,3038,F6,1793.0
Cheryl Hanscom Wilcox - Alabama Hills,085,2739,3038,F6,928.4
Cheryl Hanscom Wilcox - Alabama Hills,086,2566,3898,H6,1932.3
Cheryl Hanscom Wilcox - Alabama Hills,091,3031,3701,H6,852.4
Cheryl Hanscom Wilcox - Alabama Hills,091,2946,3674,H6,664.7
Cheryl Hanscom Wilcox - Alabama Hills,091,3320,3600,H7,549.2
Cheryl Hanscom Wilcox - Alabama Hills,092,3296,3688,H7,578.6
Cheryl Hanscom Wilcox - Alabama Hills,092,3148,3712,H7,7.5
Cheryl Hanscom Wilcox - Alabama Hills,092,3233,3733,H7,938.8
Cheryl Hanscom Wilcox - Alabama Hills,092,3085,3815,H7,1158.0
Cheryl Hanscom Wilcox - Alabama Hills,095,2947,2852,F6,392.5
Cheryl Hanscom Wilcox - Alabama Hills,095,2554,3105,G5,1128.5
Cheryl Hanscom Wilcox - Alabama Hills,095,2313,3043,F5,177.5
Cheryl Hanscom Wilcox - Alabama Hills,096,3093,3951,H7,12.2
Cheryl Hanscom Wilcox - Alabama Hills,096,3072,3727,H7,658.1
Cheryl Hanscom Wilcox - Alabama Hills,097,2934,3318,G6,367.6
Cheryl Hanscom Wilcox - Alabama Hills,098,3711,3051,F8,1187.6
Cheryl Hanscom Wilcox - Alabama Hills,104,2929,3663,H6,969.9
Cheryl Hanscom Wilcox - Alabama Hills,104,2808,3741,H6,555.5
Cheryl Hanscom Wilcox - Alabama Hills,104,3058,3581,G6,403.5
Cheryl Hanscom Wilcox - Alabama Hills,104,3299,3428,G7,351.3
Cheryl Hanscom Wilcox - Alabama Hills,105,3446,3605,H7,513.1
Cheryl Hanscom Wilcox - Alabama Hills,105,3457,3344,G7,2226.0
Cheryl Hanscom Wilcox - Alabama Hills,105,2991,3774,H6,573.5
Cheryl Hanscom Wilcox - Alabama Hills,106,3690,3204,G8,780.2
Cheryl Hanscom Wilcox - Alabama Hills,108,3520,3113,G7,878.4
Cheryl Hanscom Wilcox - Alabama Hills,108,3270,3042,F7,1439.8
Cheryl Hanscom Wilcox - Alabama Hills,108,3409,3011,F7,1389.7
Cheryl Hanscom Wilcox - Alabama Hills,113,3338,3323,G7,1026.1
Cheryl Hanscom Wilcox - Alabama Hills,114,3500,3548,G7,1469.7
Cheryl Hanscom Wilcox - Alabama Hills,115,3486,3716,H7,1764.0
Cheryl Hanscom Wilcox - Alabama Hills,116,3002,3394,G6,788.0
Cheryl Hanscom Wilcox - Alabama Hills,117,3401,3134,G7,843.6
Cheryl Hanscom Wilcox - Alabama Hills,118,2828,3044,F6,1372.4
Cheryl Hanscom Wilcox - Alabama Hills,122,3686,4044,H8,960.2
Cheryl Hanscom Wilcox - Alabama Hills,123,3682,3976,H8,1230.3
Cheryl Hanscom Wilcox - Alabama Hills,127,3353,3540,G7,957.1
Cheryl Hanscom Wilcox - Alabama Hills,128,2857,3156,G6,660.5
Cheryl Hanscom Wilcox - Alabama Hills,128,3145,2937,F7,617.1
Cheryl Hanscom Wilcox - Alabama Hills,128,3783,3634,H8,1300.6
Cheryl Hanscom Wilcox - Alabama Hills,129,3346,2789,F7,1187.9
Cheryl Hanscom Wilcox - Alabama Hills,131,3927,3634,H8,582.4
Cheryl Hanscom Wilcox - Alabama Hills,131,3049,3228,G6,808.7
Cheryl Hanscom Wilcox - Alabama Hills,132,3491,3994,H7,74.5
Cheryl Hanscom Wilcox - Alabama Hills,132,3857,3686,H8,1973.7
Cheryl Hanscom Wilcox - Alabama Hills,133,3555,3929,H7,470.2
Cheryl Hanscom Wilcox - Alabama Hills,135,3820,4047,H8,1110.6
Cheryl Hanscom Wilcox - Alabama Hills,135,3597,4006,H8,1786.6
Cheryl Hanscom Wilcox - Alabama Hills,138,3939,3744,H8,78.7
Cheryl Hanscom Wilcox - Alabama Hills,138,3463,3622,H7,885.7
Cheryl Hanscom Wilcox - Alabama Hills,140,3527,3416,G7,2175.8
Cheryl Hanscom Wilcox - Alabama Hills,146,3459,3574,G7,1148.6
Cheryl Hanscom Wilcox - Alabama Hills,149,3548,3963,H7,266.9
Cheryl Hanscom Wilcox - Alabama Hills,152,3625,2883,F8,198.6
Cheryl Hanscom Wilcox - Alabama Hills,152,3330,3487,G7,661.7
Cheryl Hanscom Wilcox - Alabama Hills,153,3763,2316,E8,1185.4
Cheryl Hanscom Wilcox - Alabama Hills,154,3822,2792,F8,879.1
Cheryl Hanscom Wilcox - Alabama Hills,155,3752,2834,F8,863.7
Cheryl Hanscom Wilcox - Alabama Hills,155,3623,2980,F8,262.5
Cheryl Hanscom Wilcox - Alabama Hills,161,3705,2492,E8,129.7
Cheryl Hanscom Wilcox - Alabama Hills,162,4014,3022,F8,132.5
Cheryl Hanscom Wilcox - Alabama Hills,166,3478,2158,E7,1210.3
Cheryl Hanscom Wilcox - Alabama Hills,168,3375,2365,E7,791.9
Cheryl Hanscom Wilcox - Alabama Hills,169,322,1846,D1,4.7
Cheryl Hanscom Wilcox - Alabama Hills,176,3781,2519,E8,1125.0
Cheryl Hanscom Wilcox - Alabama Hills,189,3933,3879,H8,797.8
Bruce Herwig - Borrego Springs 1,IMG_4071,2661,2942,F6,807.4
Bruce Herwig - Borrego Springs 1,IMG_4072,3203,2641,F7,972.1
Bruce Herwig - Borrego Springs 1,IMG_4264,2378,2982,F5,1936.1
Bruce Herwig - Borrego Springs 1,IMG_4409,2282,2801,F5,875.5
Warren Hatch - Barnegat Light - Camera 2,_DSC8162,1245,888,B3,326.1
Warren Hatch - Barnegat Light - Camera 2,_DSC8170,1258,880,B3,8.9
Warren Hatch - Barnegat Light - Camera 2,_DSC8171,1249,897,B3,242.8
Warren Hatch - Barnegat Light - Camera 2,_DSC8173,780,846,B2,81.4
Warren Hatch - Barnegat Light - Camera 2,_DSC8197,1131,967,B3,245.9
Warren Hatch - Barnegat Light - Camera 2,_DSC8200,1194,813,B3,583.0
Warren Hatch - Barnegat Light - Camera 2,_DSC8201,1193,879,B3,155.7
Warren Hatch - Barnegat Light - Camera 2,_DSC8205,1193,935,B3,229.4
Warren Hatch - Barnegat Light - Camera 2,_DSC8209,555,631,B2,165.5
Warren Hatch - Barnegat Light - Camera 2,_DSC8209,1007,965,B2,16.6
Warren Hatch - Barnegat Light - Camera 2,_DSC8209,413,563,B1,530.1
Warren Hatch - Barnegat Light - Camera 2,_DSC8210,525,973,B2,147.1
Warren Hatch - Barnegat Light - Camera 2,_DSC8211,1131,914,B3,44.5
Warren Hatch - Barnegat Light - Camera 2,_DSC8211,1090,936,B3,50.0
Warren Hatch - Barnegat Light - Camera 2,_DSC8213,1209,920,B3,94.4
Warren Hatch - Barnegat Light - Camera 2,_DSC8214,1258,950,B3,86.3
Warren Hatch - Barnegat Light - Camera 2,_DSC8219,563,805,B2,2376.0
Warren Hatch - Barnegat Light - Camera 2,_DSC8220,372,974,B1,119.9
Warren Hatch - Barnegat Light - Camera 2,_DSC8221,1242,888,B3,228.7
Warren Hatch - Barnegat Light - Camera 2,_DSC8227,1157,928,B3,105.1
Warren Hatch - Barnegat Light - Camera 2,_DSC8228,1262,859,B3,87.1
Warren Hatch - Barnegat Light - Camera 2,_DSC8229,1252,881,B3,135.2
Warren Hatch - Barnegat Light - Camera 2,_DSC8230,1172,951,B3,98.2
Warren Hatch - Barnegat Light - Camera 2,_DSC8231,1249,962,B3,19.2
Warren Hatch - Barnegat Light - Camera 2,_DSC8232,1249,969,B3,72.5
Warren Hatch - Barnegat Light - Camera 2,_DSC8239,1204,928,B3,98.3
Warren Hatch - Barnegat Light - Camera 2,_DSC8249,1269,860,B3,139.1
Warren Hatch - Barnegat Light - Camera 2,_DSC8253,1224,905,B3,495.5
Warren Hatch - Barnegat Light - Camera 2,_DSC8257,1121,1001,B3,12.0
Warren Hatch - Barnegat Light - Camera 2,_DSC8268,630,966,B2,79.9
Warren Hatch - Barnegat Light - Camera 2,_DSC8282,1189,938,B3,159.6
Warren Hatch - Barnegat Light - Camera 2,_DSC8293,533,943,B2,143.9
Warren Hatch - Barnegat Light - Camera 2,_DSC8293,1203,925,B3,264.5
Warren Hatch - Barnegat Light - Camera 2,_DSC8298,1158,722,B3,426.7
Warren Hatch - Barnegat Light - Camera 2,_DSC8301,1230,899,B3,171.7
Warren Hatch - Barnegat Light - Camera 2,_DSC8302,1189,955,B3,202.7
Warren Hatch - Barnegat Light - Camera 2,_DSC8302,1248,946,B3,34.0
Warren Hatch - Barnegat Light - Camera 2,_DSC8303,1104,959,B3,195.7
Warren Hatch - Barnegat Light - Camera 2,_DSC8303,1251,892,B3,201.7
Warren Hatch - Stroudt's Preserve,_DSC8005,3113,1949,D7,4400.4
Warren Hatch - Stroudt's Preserve,_DSC8009,1036,2155,E3,41.0
Warren Hatch - Stroudt's Preserve,_DSC8023,2402,613,B5,3307.0
Warren Hatch - Stroudt's Preserve,_DSC8023,2427,628,B5,3595.6
Warren Hatch - Stroudt's Preserve,_DSC8023,2415,619,B5,2031.6
Warren Hatch - Stroudt's Preserve,_DSC8026,448,1696,D1,1503.5
Warren Hatch - Stroudt's Preserve,_DSC8026,662,1845,D2,1597.3
Warren Hatch - Stroudt's Preserve,_DSC8026,890,2074,E2,1280.9
Warren Hatch - Stroudt's Preserve,_DSC8026,1040,2207,E3,1319.3
Warren Hatch - Stroudt's Preserve,_DSC8034,2667,955,B6,1778.5
Warren Hatch - Stroudt's Preserve,_DSC8044,3104,1526,C7,6495.6
Warren Hatch - Stroudt's Preserve,_DSC8045,3296,1949,D7,5825.7
Warren Hatch - Stroudt's Preserve,_DSC8055,3313,1957,D7,3013.5
